{
  "cell_centers": [
    -0.01171875,
    -0.00390625,
    0.00390625,
    0.01171875,
    0.01953125,
    0.02734375,
    0.03515625,
    0.04296875,
    0.05078125,
    0.05859375,
    0.06640625,
    0.07421875,
    0.08203125,
    0.08984375,
    0.09765625,
    0.10546875,
    0.11328125,
    0.12109375,
    0.12890625,
    0.13671875,
    0.14453125,
    0.15234375,
    0.16015625,
    0.16796875,
    0.17578125,
    0.18359375,
    0.19140625,
    0.19921875,
    0.20703125,
    0.21484375,
    0.22265625,
    0.23046875,
    0.23828125,
    0.24609375,
    0.25390625,
    0.26171875,
    0.26953125,
    0.27734375,
    0.28515625,
    0.29296875,
    0.30078125,
    0.30859375,
    0.31640625,
    0.32421875,
    0.33203125,
    0.33984375,
    0.34765625,
    0.35546875,
    0.36328125,
    0.37109375,
    0.37890625,
    0.38671875,
    0.39453125,
    0.40234375,
    0.41015625,
    0.41796875,
    0.42578125,
    0.43359375,
    0.44140625,
    0.44921875,
    0.45703125,
    0.46484375,
    0.47265625,
    0.48046875,
    0.48828125,
    0.49609375,
    0.50390625,
    0.51171875,
    0.51953125,
    0.52734375,
    0.53515625,
    0.54296875,
    0.55078125,
    0.55859375,
    0.56640625,
    0.57421875,
    0.58203125,
    0.58984375,
    0.59765625,
    0.60546875,
    0.61328125,
    0.62109375,
    0.62890625,
    0.63671875,
    0.64453125,
    0.65234375,
    0.66015625,
    0.66796875,
    0.67578125,
    0.68359375,
    0.69140625,
    0.69921875,
    0.70703125,
    0.71484375,
    0.72265625,
    0.73046875,
    0.73828125,
    0.74609375,
    0.75390625,
    0.76171875,
    0.76953125,
    0.77734375,
    0.78515625,
    0.79296875,
    0.80078125,
    0.80859375,
    0.81640625,
    0.82421875,
    0.83203125,
    0.83984375,
    0.84765625,
    0.85546875,
    0.86328125,
    0.87109375,
    0.87890625,
    0.88671875,
    0.89453125,
    0.90234375,
    0.91015625,
    0.91796875,
    0.92578125,
    0.93359375,
    0.94140625,
    0.94921875,
    0.95703125,
    0.96484375,
    0.97265625,
    0.98046875,
    0.98828125,
    0.99609375,
    1.00390625,
    1.01171875
  ],
  "data": [
    0.0,
    0.0,
    0.0,
    0.0,
    0.0,
    0.0,
    0.0,
    0.0,
    0.0,
    0.0,
    0.0,
    0.0,
    0.0,
    0.0,
    0.0,
    0.0,
    0.0,
    0.0,
    0.0,
    0.0,
    0.0,
    0.0,
    0.0,
    0.0,
    0.0,
    0.0,
    0.0,
    0.0,
    0.0,
    0.0,
    0.0,
    0.0,
    0.0,
    0.0,
    0.0,
    0.0,
    0.0,
    0.0,
    0.0,
    0.0,
    0.0,
    0.0,
    0.0,
    0.0,
    0.0,
    0.0,
    0.0,
    0.0,
    0.0,
    0.0,
    0.0,
    0.0,
    0.0,
    0.0,
    0.0,
    0.0,
    0.0,
    0.0,
    -4.872064131708834e-168,
    -1.7529023169726628e-83,
    -2.0984259162303785e-41,
    -1.5276374704195934e-20,
    -2.7931650084019386e-10,
    -2.5466345796288206e-05,
    -0.004715236294108702,
    -0.00811887237420814,
    0.005721835681336005,
    0.04884970626607688,
    0.08586695027925106,
    0.12137623215647662,
    0.15593209709365569,
    0.1897489184645333,
    0.22295451005017677,
    0.25563419436629814,
    0.28784759729086634,
    0.31963861801742977,
    0.3510406928756826,
    0.38207952053016014,
    0.41277455178946304,
    0.44313997580441106,
    0.4731855319374752,
    0.5029172161411658,
    0.5323378302380163,
    0.561447300579404,
    0.5902427054924138,
    0.6187179470885154,
    0.646862953026993,
    0.674662756353059,
    0.7020979451596329,
    0.7291408420165938,
    0.7557514487619856,
    0.7818725794988017,
    0.807422678404409,
    0.8322864975491545,
    0.8563043697787086,
    0.8792622460944078,
    0.9008868341380304,
    0.9208524448635391,
    0.9388068704768163,
    0.9544202359686982,
    0.9674515452230728,
    0.9778148122089011,
    0.9856182144625494,
    0.9911551095033013,
    0.9948461894775082,
    0.997155361131804,
    0.998511725395491,
    0.9992609730218646,
    0.9996511188165338,
    0.9998431383497611,
    0.9999327083380525,
    0.9999724094662498,
    0.9999891704089815,
    0.999995924686484,
    0.9999985276945883,
    0.9999994887126069,
    0.9999998291316506,
    0.9999999449891553,
    0.9999999829214054,
    0.9999999948823549,
    0.9999999985185982,
    0.9999999995854213,
    0.9999999998877467,
    0.9999999999705723,
    0.9999999999925255,
    0.9999999999981594,
    0.99999999999956,
    0.9999999999998976,
    0.9999999999999769,
    0.9999999999999948,
    0.9999999999999948,
    0.9999999999999948
  ],
  "time": 0.2
}