{
  "cell_centers": [
    -0.01171875,
    -0.00390625,
    0.00390625,
    0.01171875,
    0.01953125,
    0.02734375,
    0.03515625,
    0.04296875,
    0.05078125,
    0.05859375,
    0.06640625,
    0.07421875,
    0.08203125,
    0.08984375,
    0.09765625,
    0.10546875,
    0.11328125,
    0.12109375,
    0.12890625,
    0.13671875,
    0.14453125,
    0.15234375,
    0.16015625,
    0.16796875,
    0.17578125,
    0.18359375,
    0.19140625,
    0.19921875,
    0.20703125,
    0.21484375,
    0.22265625,
    0.23046875,
    0.23828125,
    0.24609375,
    0.25390625,
    0.26171875,
    0.26953125,
    0.27734375,
    0.28515625,
    0.29296875,
    0.30078125,
    0.30859375,
    0.31640625,
    0.32421875,
    0.33203125,
    0.33984375,
    0.34765625,
    0.35546875,
    0.36328125,
    0.37109375,
    0.37890625,
    0.38671875,
    0.39453125,
    0.40234375,
    0.41015625,
    0.41796875,
    0.42578125,
    0.43359375,
    0.44140625,
    0.44921875,
    0.45703125,
    0.46484375,
    0.47265625,
    0.48046875,
    0.48828125,
    0.49609375,
    0.50390625,
    0.51171875,
    0.51953125,
    0.52734375,
    0.53515625,
    0.54296875,
    0.55078125,
    0.55859375,
    0.56640625,
    0.57421875,
    0.58203125,
    0.58984375,
    0.59765625,
    0.60546875,
    0.61328125,
    0.62109375,
    0.62890625,
    0.63671875,
    0.64453125,
    0.65234375,
    0.66015625,
    0.66796875,
    0.67578125,
    0.68359375,
    0.69140625,
    0.69921875,
    0.70703125,
    0.71484375,
    0.72265625,
    0.73046875,
    0.73828125,
    0.74609375,
    0.75390625,
    0.76171875,
    0.76953125,
    0.77734375,
    0.78515625,
    0.79296875,
    0.80078125,
    0.80859375,
    0.81640625,
    0.82421875,
    0.83203125,
    0.83984375,
    0.84765625,
    0.85546875,
    0.86328125,
    0.87109375,
    0.87890625,
    0.88671875,
    0.89453125,
    0.90234375,
    0.91015625,
    0.91796875,
    0.92578125,
    0.93359375,
    0.94140625,
    0.94921875,
    0.95703125,
    0.96484375,
    0.97265625,
    0.98046875,
    0.98828125,
    0.99609375,
    1.00390625,
    1.01171875
  ],
  "density": [
    0.9999999948524764,
    0.9999999948524764,
    0.9999999948524764,
    0.9999999883582366,
    0.9999999741315977,
    0.999999943538929,
    0.9999998789812893,
    0.999999745333422,
    0.9999994739872521,
    0.9999989338679847,
    0.9999978801838296,
    0.9999958663226597,
    0.9999920968290471,
    0.9999851896721809,
    0.999972804584254,
    0.9999510828008933,
    0.9999138354880859,
    0.9998514190493121,
    0.999749252921979,
    0.9995859776942848,
    0.9993313246273519,
    0.9989438716498686,
    0.9983689835097755,
    0.9975373463881182,
    0.9963645712582067,
    0.9947523100353395,
    0.9925911724125666,
    0.9897654565746757,
    0.9861593610008164,
    0.9816640159972931,
    0.9761844597478798,
    0.9696456539694064,
    0.9619968008954095,
    0.9532135363160764,
    0.9432979423202,
    0.9322766529392041,
    0.9201975481042319,
    0.9071256208212419,
    0.8931385732049436,
    0.8783225870460363,
    0.8627685682532303,
    0.8465690193516844,
    0.8298155747546764,
    0.8125971511274708,
    0.7949986212369382,
    0.777099909410916,
    0.7589754216521489,
    0.7406937513437152,
    0.7223176249629167,
    0.7039040527331307,
    0.685504634911474,
    0.6671660553614305,
    0.6489312669767174,
    0.6308430394034342,
    0.6129525600623774,
    0.5953308778470847,
    0.5779506982369277,
    0.572910525877653,
    0.5429853038810483,
    0.518958749571676,
    0.49551035724965037,
    0.48436365326040365,
    0.4840083036575472,
    0.4773463610063084,
    0.45767122607227007,
    0.4385227028428264,
    0.42364634998911377,
    0.4173472608189905,
    0.4198120813476839,
    0.4250602068530814,
    0.42931285280086645,
    0.43082039557325735,
    0.42940281062137087,
    0.4258807684353267,
    0.4214387592823522,
    0.41715203762387065,
    0.4137667793569763,
    0.41165684624179416,
    0.4108529004187552,
    0.41108382745197247,
    0.41181996595735304,
    0.41233062471077714,
    0.41178134391365045,
    0.4093749327355648,
    0.4045016354477642,
    0.3968621061748632,
    0.3865321309997551,
    0.3739514499120665,
    0.3598417742884709,
    0.3450774731938912,
    0.33054165944503494,
    0.3169994253708881,
    0.30501095731758743,
    0.2948942165658827,
    0.28673407829475606,
    0.280425544616849,
    0.27573447061369494,
    0.2723599369356819,
    0.26998643039693393,
    0.2683193104618365,
    0.2671018128030963,
    0.2661150967470434,
    0.2651636883420324,
    0.2640482984185234,
    0.26252616951798247,
    0.26025769723720027,
    0.2567397320394028,
    0.2512369190499071,
    0.24275550386943787,
    0.23017558916433922,
    0.21275026550874426,
    0.19111435410804997,
    0.16827737425003153,
    0.14891032442444269,
    0.13618159187462345,
    0.1296123056527638,
    0.12677123899882972,
    0.12565784922157433,
    0.12524072032274602,
    0.12508742073622273,
    0.12503158662148425,
    0.12501136134181529,
    0.12500406758398683,
    0.12500144895064375,
    0.12500051329987458,
    0.12500018074598712,
    0.12500006323045343,
    0.1250000219649527,
    0.12500000757313276,
    0.12500000259040403,
    0.12500000259040403,
    0.12500000259040403
  ],