{
  "cell_centers": [
    -0.01171875,
    -0.00390625,
    0.00390625,
    0.01171875,
    0.01953125,
    0.02734375,
    0.03515625,
    0.04296875,
    0.05078125,
    0.05859375,
    0.06640625,
    0.07421875,
    0.08203125,
    0.08984375,
    0.09765625,
    0.10546875,
    0.11328125,
    0.12109375,
    0.12890625,
    0.13671875,
    0.14453125,
    0.15234375,
    0.16015625,
    0.16796875,
    0.17578125,
    0.18359375,
    0.19140625,
    0.19921875,
    0.20703125,
    0.21484375,
    0.22265625,
    0.23046875,
    0.23828125,
    0.24609375,
    0.25390625,
    0.26171875,
    0.26953125,
    0.27734375,
    0.28515625,
    0.29296875,
    0.30078125,
    0.30859375,
    0.31640625,
    0.32421875,
    0.33203125,
    0.33984375,
    0.34765625,
    0.35546875,
    0.36328125,
    0.37109375,
    0.37890625,
    0.38671875,
    0.39453125,
    0.40234375,
    0.41015625,
    0.41796875,
    0.42578125,
    0.43359375,
    0.44140625,
    0.44921875,
    0.45703125,
    0.46484375,
    0.47265625,
    0.48046875,
    0.48828125,
    0.49609375,
    0.50390625,
    0.51171875,
    0.51953125,
    0.52734375,
    0.53515625,
    0.54296875,
    0.55078125,
    0.55859375,
    0.56640625,
    0.57421875,
    0.58203125,
    0.58984375,
    0.59765625,
    0.60546875,
    0.61328125,
    0.62109375,
    0.62890625,
    0.63671875,
    0.64453125,
    0.65234375,
    0.66015625,
    0.66796875,
    0.67578125,
    0.68359375,
    0.69140625,
    0.69921875,
    0.70703125,
    0.71484375,
    0.72265625,
    0.73046875,
    0.73828125,
    0.74609375,
    0.75390625,
    0.76171875,
    0.76953125,
    0.77734375,
    0.78515625,
    0.79296875,
    0.80078125,
    0.80859375,
    0.81640625,
    0.82421875,
    0.83203125,
    0.83984375,
    0.84765625,
    0.85546875,
    0.86328125,
    0.87109375,
    0.87890625,
    0.88671875,
    0.89453125,
    0.90234375,
    0.91015625,
    0.91796875,
    0.92578125,
    0.93359375,
    0.94140625,
    0.94921875,
    0.95703125,
    0.96484375,
    0.97265625,
    0.98046875,
    0.98828125,
    0.99609375,
    1.00390625,
    1.01171875
  ],
  "density": [
    1.0,
    1.0,
    1.0,
    1.0,
    1.0,
    1.0,
    1.0,
    1.0,
    1.0,
    1.0,
    1.0,
    1.0,
    1.0,
    1.0,
    1.0,
    1.0,
    1.0,
    1.0,
    1.0,
    1.0,
    1.0,
    1.0,
    1.0,
    1.0,
    1.0,
    1.0,
    1.0,
    1.0,
    1.0,
    1.0,
    1.0,
    1.0,
    1.0,
    1.0,
    0.997557782543125,
    0.9831552415147978,
    0.9623440139210659,
    0.9394907199102485,
    0.9160903457653353,
    0.8926765516032367,
    0.8694588329057531,
    0.846533188109247,
    0.8239536318550955,
    0.8017527624098111,
    0.7799506680475566,
    0.7585601595749507,
    0.737589440068399,
    0.7170434964956012,
    0.6969251981595801,
    0.6772361029128424,
    0.657976975730049,
    0.6391482132371069,
    0.6207501981951993,
    0.6027835894379874,
    0.5852496092255584,
    0.5681504001196892,
    0.5514894799500487,
    0.5352723015293687,
    0.5195070017237353,
    0.5042056119482956,
    0.4893878978890244,
    0.4750894021696866,
    0.4614010988840098,
    0.4485219641134597,
    0.4371542679416245,
    0.4280610163528765,
    0.42571116741563064,
    0.4247574630938079,
    0.425588343929716,
    0.42560869309369,
    0.42577713806031214,
    0.4258420571198044,
    0.4258352283923261,
    0.4258018476660539,
    0.4256894059439357,
    0.4255283613303214,
    0.42530555929943026,
    0.425029675184019,
    0.4247926787334606,
    0.424639552565121,
    0.42465349302555155,
    0.4248608786533512,
    0.425853021723347,
    0.4276013017112472,
    0.4281896348328366,
    0.4277618443566268,
    0.4251292852226717,
    0.4144399571769008,
    0.3895872375165548,
    0.3517463509203562,
    0.3079371446280499,
    0.2710124794417419,
    0.25940579727142576,
    0.2595329813633166,
    0.26027305321087424,
    0.2618909945053629,
    0.26388499524906844,
    0.26544908821894786,
    0.26622676929638095,
    0.26623192063661083,
    0.2661975123394471,
    0.26610612300097813,
    0.26603080985495,
    0.2659432184631987,
    0.2658343428094925,
    0.26575049674809625,
    0.265621028203014,
    0.26534025714630705,
    0.26452890300259013,
    0.2597661819878106,
    0.23256255137740306,
    0.1631522124740147,
    0.12612379755947978,
    0.125,
    0.125,
    0.125,
    0.125,
    0.125,
    0.125,
    0.125,
    0.125,
    0.125,
    0.125,
    0.125,
    0.125,
    0.125,
    0.125,
    0.125,
    0.125,
    0.125,
    0.125,
    0.125
  ],
  "pressure": [
    1.0,
    1.0,
    1.0,
    1.0,
    1.0,
    1.0,
    1.0,
    1.0,
    1.0,
    1.0,
    1.0,
    1.0,
    1.0,
    1.0,
    1.0,
    1.0,
    1.0,
    1.0,
    1.0,
    1.0,
    1.0,
    1.0,
    1.0,
    1.0,
    1.0,
    1.0,
    1.0,
    1.0,
    1.0,
    1.0,
    1.0,
    1.0,
    1.0,
    1.0,
    0.9965799151388219,
    0.9765074049410918,
    0.9477050707938682,
    0.9163519917700309,
    0.884560599700179,
    0.8530736669465655,
    0.8221746212218072,
    0.7919862309253691,
    0.7625714600970734,
    0.7339625749301327,
    0.7061742074457205,
    0.6792107206989664,
    0.6530699792273952,
    0.6277453996647528,
    0.6032275497674507,
    0.5795052776643923,
    0.5565663928161196,
    0.5343982046599863,
    0.5129879797054434,
    0.4923232971564176,
    0.4723923531368473,
    0.45318430468390153,
    0.4346897065200946,
    0.4169010493018786,
    0.3998134234822497,
    0.3834258669862384,
    0.3677442939035421,
    0.35279302791558736,
    0.33864019041211274,
    0.3255062402669937,
    0.3139108015613745,
    0.3053628661439503,
    0.3014544019079959,
    0.3013775552097123,
    0.302182316476437,
    0.3023060535531297,
    0.30248715882789373,
    0.3025706478340202,
    0.30263891396300746,
    0.30267240336888135,
    0.30268065452322424,
    0.30272305950492395,
    0.30282518028217537,
    0.3029489965151177,
    0.3030501737004454,
    0.3030983405301938,
    0.3030984348572468,
    0.30308264429423953,
    0.30310796939626816,
    0.30316732058189455,
    0.30320770837055755,
    0.3031737744887862,
    0.30318036798258174,
    0.303234325456645,
    0.3033052027162217,
    0.3033077804409658,
    0.30327183356880216,
    0.3032567378201457,
    0.3032785375401014,
    0.30331850536157434,
    0.30331448367497815,
    0.303272615120525,
    0.30322174433778637,
    0.3032154246398019,
    0.3032716189814254,
    0.3033027439112579,
    0.30330226121745196,
    0.30323738883706114,
    0.3032037171203392,
    0.30324063125426026,
    0.3032948691688272,
    0.3033492509189757,
    0.30329474939417694,
    0.30297462838558786,
    0.3017002835181022,
    0.29399721457851985,
    0.25154792180273594,
    0.1499600416479616,
    0.10125701943255554,
    0.1,
    0.1,
    0.1,
    0.1,
    0.1,
    0.1,
    0.1,
    0.1,
    0.1,
    0.1,
    0.1,
    0.1,
    0.1,
    0.1,
    0.1,
    0.1,
    0.1,
    0.1,
    0.1
  ],
  "time": 0.2,