{
  "cell_centers": [
    -0.01171875,
    -0.00390625,
    0.00390625,
    0.01171875,
    0.01953125,
    0.02734375,
    0.03515625,
    0.04296875,
    0.05078125,
    0.05859375,
    0.06640625,
    0.07421875,
    0.08203125,
    0.08984375,
    0.09765625,
    0.10546875,
    0.11328125,
    0.12109375,
    0.12890625,
    0.13671875,
    0.14453125,
    0.15234375,
    0.16015625,
    0.16796875,
    0.17578125,
    0.18359375,
    0.19140625,
    0.19921875,
    0.20703125,
    0.21484375,
    0.22265625,
    0.23046875,
    0.23828125,
    0.24609375,
    0.25390625,
    0.26171875,
    0.26953125,
    0.27734375,
    0.28515625,
    0.29296875,
    0.30078125,
    0.30859375,
    0.31640625,
    0.32421875,
    0.33203125,
    0.33984375,
    0.34765625,
    0.35546875,
    0.36328125,
    0.37109375,
    0.37890625,
    0.38671875,
    0.39453125,
    0.40234375,
    0.41015625,
    0.41796875,
    0.42578125,
    0.43359375,
    0.44140625,
    0.44921875,
    0.45703125,
    0.46484375,
    0.47265625,
    0.48046875,
    0.48828125,
    0.49609375,
    0.50390625,
    0.51171875,
    0.51953125,
    0.52734375,
    0.53515625,
    0.54296875,
    0.55078125,
    0.55859375,
    0.56640625,
    0.57421875,
    0.58203125,
    0.58984375,
    0.59765625,
    0.60546875,
    0.61328125,
    0.62109375,
    0.62890625,
    0.63671875,
    0.64453125,
    0.65234375,
    0.66015625,
    0.66796875,
    0.67578125,
    0.68359375,
    0.69140625,
    0.69921875,
    0.70703125,
    0.71484375,
    0.72265625,
    0.73046875,
    0.73828125,
    0.74609375,
    0.75390625,
    0.76171875,
    0.76953125,
    0.77734375,
    0.78515625,
    0.79296875,
    0.80078125,
    0.80859375,
    0.81640625,
    0.82421875,
    0.83203125,
    0.83984375,
    0.84765625,
    0.85546875,
    0.86328125,
    0.87109375,
    0.87890625,
    0.88671875,
    0.89453125,
    0.90234375,
    0.91015625,
    0.91796875,
    0.92578125,
    0.93359375,
    0.94140625,
    0.94921875,
    0.95703125,
    0.96484375,
    0.97265625,
    0.98046875,
    0.98828125,
    0.99609375,
    1.00390625,
    1.01171875
  ],
  "density": [
    1.0,
    1.0,
    1.0,
    0.9999999999999994,
    0.9999999999999971,
    0.999999999999988,
    0.9999999999999534,
    0.999999999999821,
    0.9999999999993332,
    0.9999999999975729,
    0.9999999999913514,
    0.9999999999698694,
    0.9999999998974167,
    0.9999999996588872,
    0.9999999988928643,
    0.9999999964949103,
    0.9999999891834952,
    0.9999999674886475,
    0.9999999048985406,
    0.9999997295064993,
    0.9999992526522448,
    0.9999979963422375,
    0.9999947934326832,
    0.9999869038156848,
    0.9999681595744079,
    0.999925293754496,
    0.9998311501408729,
    0.999633102703819,
    0.9992352199524586,
    0.9984743492937769,
    0.9970943150394913,
    0.9947288233329117,
    0.9909097844037884,
    0.9851173907934144,
    0.976874758204058,
    0.9658642273395257,
    0.9520194934789112,
    0.935548830874567,
    0.9168760293582379,
    0.8965264104875896,
    0.8750042253215263,
    0.8526953509947717,
    0.8300465844488221,
    0.8075822679582818,
    0.7854265247082046,
    0.7636667606336177,
    0.7423407052903475,
    0.721477107417374,
    0.7010974801478675,
    0.681201468650718,
    0.6617588874522968,
    0.6428469502903004,
    0.6242353011718428,
    0.6064396738670905,
    0.5885633494312809,
    0.5716263211173107,
    0.55491642577508,
    0.538599885062141,
    0.5229580848638946,
    0.5074946553888644,
    0.49254560288844174,
    0.47851416359042287,
    0.464682818849384,
    0.45154156029438297,
    0.4408693595327725,
    0.43226156154478024,
    0.4266955688554866,
    0.4251934097862301,
    0.42575738364201543,
    0.42553666400696555,
    0.4255469562635369,
    0.4255576905930122,
    0.4255615567804625,
    0.42556584963950894,
    0.4255859188671181,
    0.4256113853573032,
    0.42560705018313216,
    0.42556318249155145,
    0.4254501908760367,
    0.42539750306998725,
    0.4254420833753202,
    0.4255018542684623,
    0.4254066234836906,
    0.4248111856601553,
    0.42291324753472287,
    0.41841444219459,
    0.40955070784776015,
    0.39436857262666836,
    0.3712546486003091,
    0.33970511525529445,
    0.3061236516778947,
    0.2847922764067742,
    0.27314485457409626,
    0.26754418671985913,
    0.2652699951509442,
    0.2646144551206676,
    0.26455228698702926,
    0.26467714677412024,
    0.26500576442600177,
    0.26536967257046407,
    0.2655954388176992,
    0.265657370913263,
    0.265714423627923,
    0.2657153223381404,
    0.26564957429418623,
    0.2654951425142601,
    0.2651118411990646,
    0.26404386004136093,
    0.2609947776862963,
    0.25232179621701345,
    0.22934517439298382,
    0.1820338541138694,
    0.13846620758748548,
    0.12733110579997747,
    0.12536558461355907,
    0.12505628594158635,
    0.1250086434341654,
    0.12500132663352786,
    0.12500020360354896,
    0.12500003125019404,
    0.12500000479681111,
    0.1250000007362932,
    0.12500000011300427,
    0.1250000000173389,
    0.12500000000265943,
    0.1250000000004075,
    0.1250000000000623,
    0.12500000000000944,
    0.12500000000000142,
    0.12500000000000017,
    0.12500000000000017,
    0.12500000000000017
  ],