{
  "cell_centers": [
    -0.01171875,
    -0.00390625,
    0.00390625,
    0.01171875,
    0.01953125,
    0.02734375,
    0.03515625,
    0.04296875,
    0.05078125,
    0.05859375,
    0.06640625,
    0.07421875,
    0.08203125,
    0.08984375,
    0.09765625,
    0.10546875,
    0.11328125,
    0.12109375,
    0.12890625,
    0.13671875,
    0.14453125,
    0.15234375,
    0.16015625,
    0.16796875,
    0.17578125,
    0.18359375,
    0.19140625,
    0.19921875,
    0.20703125,
    0.21484375,
    0.22265625,
    0.23046875,
    0.23828125,
    0.24609375,
    0.25390625,
    0.26171875,
    0.26953125,
    0.27734375,
    0.28515625,
    0.29296875,
    0.30078125,
    0.30859375,
    0.31640625,
    0.32421875,
    0.33203125,
    0.33984375,
    0.34765625,
    0.35546875,
    0.36328125,
    0.37109375,
    0.37890625,
    0.38671875,
    0.39453125,
    0.40234375,
    0.41015625,
    0.41796875,
    0.42578125,
    0.43359375,
    0.44140625,
    0.44921875,
    0.45703125,
    0.46484375,
    0.47265625,
    0.48046875,
    0.48828125,
    0.49609375,
    0.50390625,
    0.51171875,
    0.51953125,
    0.52734375,
    0.53515625,
    0.54296875,
    0.55078125,
    0.55859375,
    0.56640625,
    0.57421875,
    0.58203125,
    0.58984375,
    0.59765625,
    0.60546875,
    0.61328125,
    0.62109375,
    0.62890625,
    0.63671875,
    0.64453125,
    0.65234375,
    0.66015625,
    0.66796875,
    0.67578125,
    0.68359375,
    0.69140625,
    0.69921875,
    0.70703125,
    0.71484375,
    0.72265625,
    0.73046875,
    0.73828125,
    0.74609375,
    0.75390625,
    0.76171875,
    0.76953125,
    0.77734375,
    0.78515625,
    0.79296875,
    0.80078125,
    0.80859375,
    0.81640625,
    0.82421875,
    0.83203125,
    0.83984375,
    0.84765625,
    0.85546875,
    0.86328125,
    0.87109375,
    0.87890625,
    0.88671875,
    0.89453125,
    0.90234375,
    0.91015625,
    0.91796875,
    0.92578125,
    0.93359375,
    0.94140625,
    0.94921875,
    0.95703125,
    0.96484375,
    0.97265625,
    0.98046875,
    0.98828125,
    0.99609375,
    1.00390625,
    1.01171875
  ],
  "density": [
    1.0,
    1.0,
    1.0,
    1.0,
    1.0,
    1.0,
    1.0,
    1.0,
    1.0,
    1.0,
    1.0,
    1.0,
    1.0,
    1.0,
    1.0,
    1.0,
    1.0,
    1.0,
    1.0,
    1.0,
    1.0,
    1.0,
    1.0,
    1.0,
    1.0,
    1.0,
    1.0,
    1.0,
    1.0,
    1.0,
    1.0,
    1.0,
    1.0,
    1.0,
    1.0,
    0.9974079979874951,
    0.974838954670191,
    0.9481479806016406,
    0.9219908157125696,
    0.8964996897991576,
    0.8716733231679554,
    0.8475033978096778,
    0.8239292801510385,
    0.8009541958295774,
    0.7785354974625625,
    0.7566183740837873,
    0.7352630362539527,
    0.7143914052577481,
    0.6940141955317138,
    0.6741393495036291,
    0.6547180065784931,
    0.6357594948487069,
    0.6172671205757493,
    0.5992027538693243,
    0.5815761808031986,
    0.5643761537517994,
    0.5475816085003806,
    0.5312087668036907,
    0.5152711476427487,
    0.49975527954423593,
    0.4846987757602915,
    0.47021621450105844,
    0.45650838467273547,
    0.443980357428841,
    0.4341045575324382,
    0.42900779766482033,
    0.4265447125311478,
    0.42588946589215426,
    0.4252523990333923,
    0.425225017113425,
    0.42542112277889854,
    0.42571005386541677,
    0.4258500156049628,
    0.42579069992645324,
    0.42556834217343686,
    0.4253672782636018,
    0.42544263128047877,
    0.42552658198855287,
    0.4252787596429801,
    0.4242148046548004,
    0.42289148992584746,
    0.42277680847682175,
    0.42361916799119237,
    0.42759217870999694,
    0.4328491750336173,
    0.4336678811924254,
    0.4326041936603352,
    0.42698098142499774,
    0.4065980971410674,
    0.3614725412763652,
    0.31386860019679497,
    0.26965886577248277,
    0.25344084006536644,
    0.2534921483118763,
    0.25407138071029034,
    0.2562550385700422,
    0.25981958858187504,
    0.26321240959207304,
    0.26607767179938674,
    0.2669008813525944,
    0.2671358803461942,
    0.26720864162651653,
    0.2670516968314032,
    0.2666506840466436,
    0.2663570352098127,
    0.26642131491446175,
    0.266350798199234,
    0.26606805936238087,
    0.264704977553587,
    0.2594766164023615,
    0.23162880424461685,
    0.15486854589851173,
    0.12500502652791945,
    0.125,
    0.125,
    0.125,
    0.125,
    0.125,
    0.125,
    0.125,
    0.125,
    0.125,
    0.125,
    0.125,
    0.125,
    0.125,
    0.125,
    0.125,
    0.125,
    0.125,
    0.125,
    0.125
  ],
  "pressure": [
    1.0,
    1.0,
    1.0,
    1.0,
    1.0,
    1.0,
    1.0,
    1.0,
    1.0,
    1.0,
    1.0,
    1.0,
    1.0,
    1.0,
    1.0,
    1.0,
    1.0,
    1.0,
    1.0,
    1.0,
    1.0,
    1.0,
    1.0,
    1.0,
    1.0,
    1.0,
    1.0,
    1.0,
    1.0,
    1.0,
    1.0,
    1.0,
    1.0,
    1.0,
    1.0,
    0.9963543321529366,
    0.9649905643083426,
    0.9282626630270464,
    0.8926256025028223,
    0.8582807010511981,
    0.8251969265554093,
    0.7933440421684499,
    0.7626207301140099,
    0.7330148310642141,
    0.7044550223591143,
    0.6768515387216277,
    0.6502596247144573,
    0.6245649209107136,
    0.5997664057224966,
    0.5758597635273002,
    0.5527713081163856,
    0.5304960300764004,
    0.509022048198616,
    0.48829129492753615,
    0.4683023036410242,
    0.44902992636846456,
    0.4304380455313659,
    0.4125313432566392,
    0.39531089973413885,
    0.3787490114193001,
    0.36287224732658574,
    0.3477847994556061,
    0.3336730054449772,
    0.32091864761047595,
    0.3109444102860297,
    0.30581433447519846,
    0.3033825508981104,
    0.3027182562607236,
    0.3020772970791849,
    0.30204769403646403,
    0.3022337896537274,
    0.3025187116137662,
    0.30267811297799496,
    0.3026301196501505,
    0.30239205781467526,
    0.30209770579890394,
    0.3021210341290095,
    0.30239704125836997,
    0.3028235779855728,
    0.3031171498899563,
    0.3030889008693098,
    0.30292813455941014,
    0.3029130281479553,
    0.3030921256638295,
    0.3033500681336556,
    0.30340018726556633,
    0.3032970365564527,
    0.30332652372016655,
    0.30334378383257643,
    0.30328138035816576,
    0.30334088735730447,
    0.30352965322267716,
    0.3036474515330871,
    0.3035646182010731,
    0.3033454871865805,
    0.30328370163781665,
    0.30337594898057874,
    0.3034476710118115,
    0.3034120414173341,
    0.30348990624059385,
    0.3036233407659944,
    0.3037214186304194,
    0.3034966247186379,
    0.30308330980858705,
    0.30293858049537736,
    0.3032695442694841,
    0.3035222166489141,
    0.3036007159027238,
    0.3022876960782779,
    0.2945096082122276,
    0.25105457077207505,
    0.1397147052739165,
    0.1000056424742426,
    0.1,
    0.1,
    0.1,
    0.1,
    0.1,
    0.1,
    0.1,
    0.1,
    0.1,
    0.1,
    0.1,
    0.1,
    0.1,
    0.1,
    0.1,
    0.1,
    0.1,
    0.1,
    0.1
  ],
  "time": 0.2,