{
  "cell_centers": [
    -0.01171875,
    -0.00390625,
    0.00390625,
    0.01171875,
    0.01953125,
    0.02734375,
    0.03515625,
    0.04296875,
    0.05078125,
    0.05859375,
    0.06640625,
    0.07421875,
    0.08203125,
    0.08984375,
    0.09765625,
    0.10546875,
    0.11328125,
    0.12109375,
    0.12890625,
    0.13671875,
    0.14453125,
    0.15234375,
    0.16015625,
    0.16796875,
    0.17578125,
    0.18359375,
    0.19140625,
    0.19921875,
    0.20703125,
    0.21484375,
    0.22265625,
    0.23046875,
    0.23828125,
    0.24609375,
    0.25390625,
    0.26171875,
    0.26953125,
    0.27734375,
    0.28515625,
    0.29296875,
    0.30078125,
    0.30859375,
    0.31640625,
    0.32421875,
    0.33203125,
    0.33984375,
    0.34765625,
    0.35546875,
    0.36328125,
    0.37109375,
    0.37890625,
    0.38671875,
    0.39453125,
    0.40234375,
    0.41015625,
    0.41796875,
    0.42578125,
    0.43359375,
    0.44140625,
    0.44921875,
    0.45703125,
    0.46484375,
    0.47265625,
    0.48046875,
    0.48828125,
    0.49609375,
    0.50390625,
    0.51171875,
    0.51953125,
    0.52734375,
    0.53515625,
    0.54296875,
    0.55078125,
    0.55859375,
    0.56640625,
    0.57421875,
    0.58203125,
    0.58984375,
    0.59765625,
    0.60546875,
    0.61328125,
    0.62109375,
    0.62890625,
    0.63671875,
    0.64453125,
    0.65234375,
    0.66015625,
    0.66796875,
    0.67578125,
    0.68359375,
    0.69140625,
    0.69921875,
    0.70703125,
    0.71484375,
    0.72265625,
    0.73046875,
    0.73828125,
    0.74609375,
    0.75390625,
    0.76171875,
    0.76953125,
    0.77734375,
    0.78515625,
    0.79296875,
    0.80078125,
    0.80859375,
    0.81640625,
    0.82421875,
    0.83203125,
    0.83984375,
    0.84765625,
    0.85546875,
    0.86328125,
    0.87109375,
    0.87890625,
    0.88671875,
    0.89453125,
    0.90234375,
    0.91015625,
    0.91796875,
    0.92578125,
    0.93359375,
    0.94140625,
    0.94921875,
    0.95703125,
    0.96484375,
    0.97265625,
    0.98046875,
    0.98828125,
    0.99609375,
    1.00390625,
    1.01171875
  ],
  "density": [
    1.0,
    1.0,
    1.0,
    1.0,
    1.0,
    1.0,
    1.0,
    1.0,
    1.0,
    1.0,
    1.0,
    1.0,
    1.0,
    1.0,
    1.0,
    1.0,
    1.0,
    1.0,
    1.0,
    1.0,
    1.0,
    1.0,
    1.0,
    1.0,
    1.0,
    1.0,
    1.0,
    1.0,
    1.0,
    1.0,
    1.0,
    1.0,
    1.0,
    1.0,
    1.0,
    0.9979744233361354,
    0.9760816224430129,
    0.9493014306413075,
    0.9229898954506721,
    0.8973907736117119,
    0.8724316655818072,
    0.8481279096881025,
    0.8244612899762684,
    0.801377848842995,
    0.7788848637538845,
    0.7569245937003033,
    0.7354961758705728,
    0.714596363998736,
    0.6941808341413909,
    0.6742705103961939,
    0.6548468434826127,
    0.6358881583113889,
    0.6174002923393562,
    0.599342683816938,
    0.5816918802863923,
    0.5644385812203954,
    0.5475760112817076,
    0.5311006149907389,
    0.5150125644218111,
    0.4993130731019259,
    0.4840063258902487,
    0.46912130703529836,
    0.4548194398676205,
    0.44210317231554475,
    0.4333085658483279,
    0.42915828481159946,
    0.4264336248368227,
    0.42372629938352235,
    0.42464908090927383,
    0.42573959428390107,
    0.42543433162243877,
    0.4252395842608969,
    0.42514289270428907,
    0.42529747580935995,
    0.4257297004051669,
    0.42680931438784375,
    0.42872517382143527,
    0.43041256986231136,
    0.4304372265059626,
    0.4291610390578822,
    0.4244566509323221,
    0.41928283197171234,
    0.4186590642786179,
    0.41979822906175435,
    0.42430133140385906,
    0.4291465226732697,
    0.429663469212335,
    0.42722215193377294,
    0.4122301527466482,
    0.36484319887217065,
    0.3008796967739953,
    0.25573888974469955,
    0.25369061108775093,
    0.2545902774890564,
    0.2582470205371946,
    0.2637494637881311,
    0.2679013213104359,
    0.2680893582146833,
    0.26789858992038074,
    0.26742587073491836,
    0.26707757519513364,
    0.2667713958553599,
    0.26618423916075434,
    0.2655439666425699,
    0.26507447113496013,
    0.2648784448428767,
    0.264933927935229,
    0.2650461809913276,
    0.26431008740114015,
    0.25761286851865983,
    0.23506718151023553,
    0.1631092906450042,
    0.12501975917293082,
    0.125,
    0.125,
    0.125,
    0.125,
    0.125,
    0.125,
    0.125,
    0.125,
    0.125,
    0.125,
    0.125,
    0.125,
    0.125,
    0.125,
    0.125,
    0.125,
    0.125,
    0.125,
    0.125
  ],
  "pressure": [
    1.0,
    1.0,
    1.0,
    1.0,
    1.0,
    1.0,
    1.0,
    1.0,
    1.0,
    1.0,
    1.0,
    1.0,
    1.0,
    1.0,
    1.0,
    1.0,
    1.0,
    1.0,
    1.0,
    1.0,
    1.0,
    1.0,
    1.0,
    1.0,
    1.0,
    1.0,
    1.0,
    1.0,
    1.0,
    1.0,
    1.0,
    1.0,
    1.0,
    1.0,
    1.0,
    0.9971809216005997,
    0.966773681210827,
    0.9297721995464584,
    0.893866602876734,
    0.8593289228712011,
    0.8260365157732877,
    0.7939744633901626,
    0.76312365773293,
    0.7333532988057246,
    0.7046787751168996,
    0.6770132455469337,
    0.6502943162498013,
    0.6245645211636376,
    0.5997017333274299,
    0.5757301713849318,
    0.5526335863656677,
    0.5303345893150367,
    0.5088544061081263,
    0.4881222124935509,
    0.4680941142437981,
    0.4487470737463812,
    0.43006118356374035,
    0.4120233684956271,
    0.3946241253174233,
    0.37785411539647107,
    0.36170102080737093,
    0.34616766512856917,
    0.33132315801137624,
    0.3176131959356646,
    0.30897724185881725,
    0.3043797687037337,
    0.3020992750018624,
    0.3020391557005186,
    0.30175948209120357,
    0.30199923887172997,
    0.3014973633354595,
    0.3015702629636869,
    0.30214551441226994,
    0.3028369424424186,
    0.3034060934185726,
    0.3032717722437888,
    0.3028162867556326,
    0.3027444916956145,
    0.3030336805626035,
    0.3034426375341523,
    0.3034206400325154,
    0.3031305567862574,
    0.30309045725811895,
    0.3032406574855931,
    0.30322165636508197,
    0.30311157599931404,
    0.30309414611026475,
    0.303082662416832,
    0.30285163292872086,
    0.3026065977062989,
    0.3027281035328302,
    0.3031081078071251,
    0.3035471282108567,
    0.3038333990060103,
    0.30390099910431156,
    0.3038688813117809,
    0.30398017560716184,
    0.3039509912274711,
    0.30383865592590803,
    0.303585955795502,
    0.30345760810708233,
    0.30362750513830905,
    0.3037104054179068,
    0.3036419287564527,
    0.3032530029493572,
    0.30325741544862483,
    0.30339470443512123,
    0.303397351229052,
    0.30198123039229263,
    0.2942041558932686,
    0.25244280255301693,
    0.14170386222422188,
    0.10002190226785149,
    0.1,
    0.1,
    0.1,
    0.1,
    0.1,
    0.1,
    0.1,
    0.1,
    0.1,
    0.1,
    0.1,
    0.1,
    0.1,
    0.1,
    0.1,
    0.1,
    0.1,
    0.1,
    0.1
  ],
  "time": 0.2,