{
  "cell_centers": [
    -0.01171875,
    -0.00390625,
    0.00390625,
    0.01171875,
    0.01953125,
    0.02734375,
    0.03515625,
    0.04296875,
    0.05078125,
    0.05859375,
    0.06640625,
    0.07421875,
    0.08203125,
    0.08984375,
    0.09765625,
    0.10546875,
    0.11328125,
    0.12109375,
    0.12890625,
    0.13671875,
    0.14453125,
    0.15234375,
    0.16015625,
    0.16796875,
    0.17578125,
    0.18359375,
    0.19140625,
    0.19921875,
    0.20703125,
    0.21484375,
    0.22265625,
    0.23046875,
    0.23828125,
    0.24609375,
    0.25390625,
    0.26171875,
    0.26953125,
    0.27734375,
    0.28515625,
    0.29296875,
    0.30078125,
    0.30859375,
    0.31640625,
    0.32421875,
    0.33203125,
    0.33984375,
    0.34765625,
    0.35546875,
    0.36328125,
    0.37109375,
    0.37890625,
    0.38671875,
    0.39453125,
    0.40234375,
    0.41015625,
    0.41796875,
    0.42578125,
    0.43359375,
    0.44140625,
    0.44921875,
    0.45703125,
    0.46484375,
    0.47265625,
    0.48046875,
    0.48828125,
    0.49609375,
    0.50390625,
    0.51171875,
    0.51953125,
    0.52734375,
    0.53515625,
    0.54296875,
    0.55078125,
    0.55859375,
    0.56640625,
    0.57421875,
    0.58203125,
    0.58984375,
    0.59765625,
    0.60546875,
    0.61328125,
    0.62109375,
    0.62890625,
    0.63671875,
    0.64453125,
    0.65234375,
    0.66015625,
    0.66796875,
    0.67578125,
    0.68359375,
    0.69140625,
    0.69921875,
    0.70703125,
    0.71484375,
    0.72265625,
    0.73046875,
    0.73828125,
    0.74609375,
    0.75390625,
    0.76171875,
    0.76953125,
    0.77734375,
    0.78515625,
    0.79296875,
    0.80078125,
    0.80859375,
    0.81640625,
    0.82421875,
    0.83203125,
    0.83984375,
    0.84765625,
    0.85546875,
    0.86328125,
    0.87109375,
    0.87890625,
    0.88671875,
    0.89453125,
    0.90234375,
    0.91015625,
    0.91796875,
    0.92578125,
    0.93359375,
    0.94140625,
    0.94921875,
    0.95703125,
    0.96484375,
    0.97265625,
    0.98046875,
    0.98828125,
    0.99609375,
    1.00390625,
    1.01171875
  ],
  "density": [
    1.0,
    1.0,
    1.0,
    1.0,
    1.0,
    1.0,
    1.0,
    1.0,
    1.0,
    1.0,
    1.0,
    1.0,
    1.0,
    1.0,
    1.0,
    1.0,
    1.0,
    1.0,
    1.0,
    1.0,
    1.0,
    1.0,
    1.0,
    1.0,
    1.0,
    1.0,
    1.0,
    1.0,
    1.0,
    1.0,
    1.0,
    1.0,
    1.0,
    1.0,
    0.9985754030283768,
    0.9856657251600256,
    0.9651811488176252,
    0.9422394231255515,
    0.9186237002544975,
    0.8949573095120092,
    0.8714754425781048,
    0.848287844477952,
    0.8254526727272604,
    0.8030039958552675,
    0.7809630094128637,
    0.7593425679522542,
    0.7381498207748329,
    0.7173884978668008,
    0.69705989942936,
    0.6771631554065364,
    0.6576956629591246,
    0.6386535915403542,
    0.6200321529085404,
    0.6018256815877943,
    0.5840277457102392,
    0.5666314281271496,
    0.5496298293052468,
    0.5330172119038852,
    0.5167905096066314,
    0.5009556052713824,
    0.4855263127471125,
    0.47057919351092176,
    0.4561275271750505,
    0.44329446934534467,
    0.43072893911403876,
    0.4252301434819664,
    0.42498786756295603,
    0.4247413002543633,
    0.4246326922677908,
    0.42477369557612976,
    0.42481489253491583,
    0.4248062671683591,
    0.42484404683168897,
    0.42503422697848725,
    0.425510698494212,
    0.4261913061581938,
    0.42671603847236195,
    0.4267149010694009,
    0.42619762708801673,
    0.4243860705053305,
    0.4218649047060651,
    0.42042080408055404,
    0.4206002490891126,
    0.4218806468904559,
    0.4238235753036959,
    0.4241972685404741,
    0.42304026776776654,
    0.41590834766416096,
    0.39472885401827024,
    0.35985650226718713,
    0.3177427599616802,
    0.27988365995708697,
    0.2608497659563995,
    0.26020533120279865,
    0.2607911910740598,
    0.26251639437195884,
    0.26475612083681305,
    0.2665228613370061,
    0.26699937504381793,
    0.26698374614825604,
    0.2668767882334351,
    0.26652775359857034,
    0.2660614858301057,
    0.26568999321330655,
    0.2654104162179263,
    0.2652843304757212,
    0.26531372139481124,
    0.2652550984300088,
    0.26435056584565847,
    0.2577072505012422,
    0.23829778449238612,
    0.16982509539517648,
    0.12619983851772237,
    0.125,
    0.125,
    0.125,
    0.125,
    0.125,
    0.125,
    0.125,
    0.125,
    0.125,
    0.125,
    0.125,
    0.125,
    0.125,
    0.125,
    0.125,
    0.125,
    0.125,
    0.125,
    0.125
  ],
  "pressure": [
    1.0,
    1.0,
    1.0,
    1.0,
    1.0,
    1.0,
    1.0,
    1.0,
    1.0,
    1.0,
    1.0,
    1.0,
    1.0,
    1.0,
    1.0,
    1.0,
    1.0,
    1.0,
    1.0,
    1.0,
    1.0,
    1.0,
    1.0,
    1.0,
    1.0,
    1.0,
    1.0,
    1.0,
    1.0,
    1.0,
    1.0,
    1.0,
    1.0,
    1.0,
    0.9980115715558028,
    0.9800423682565614,
    0.9516581395701222,
    0.9201354384874675,
    0.8880057991335644,
    0.8561411892987836,
    0.824858636041436,
    0.7942974523400081,
    0.7645264727304248,
    0.735579330599772,
    0.7074708999084631,
    0.6802051152273726,
    0.6537784392234599,
    0.628182331615418,
    0.6034050312796124,
    0.5794323854286073,
    0.556248311151757,
    0.5338352067414208,
    0.5121743543506706,
    0.49124628956678423,
    0.4710311299074566,
    0.45150893075059545,
    0.4326602538808589,
    0.4144672902645124,
    0.3969162323897957,
    0.38000170292165736,
    0.36373778085660763,
    0.3481775504644849,
    0.3335007515341118,
    0.3201034860254853,
    0.3094056125333693,
    0.3027409612230031,
    0.30197014698457825,
    0.3019451233230066,
    0.30180032522856876,
    0.3021136577073225,
    0.30229642947582014,
    0.3024028488746002,
    0.3025045676493358,
    0.3026297549067355,
    0.3027385740499967,
    0.3028174538639403,
    0.30290489269707405,
    0.3030274864875122,
    0.3031450796709509,
    0.30319700124056453,
    0.3032144176627556,
    0.3031903631394208,
    0.30319581221003167,
    0.3032549494062463,
    0.3032755829481382,
    0.30322672835693676,
    0.30319111338229404,
    0.30321015991208666,
    0.3032406899431961,
    0.3032326555052775,
    0.30318007841422384,
    0.3031723111207132,
    0.3031937882285345,
    0.3032278801519541,
    0.30326276463594404,
    0.30325297984720956,
    0.3032216466070742,
    0.30324038939866993,
    0.30329299758982364,
    0.30334955522845525,
    0.3034043018093678,
    0.3034213243604722,
    0.30338449937256184,
    0.3034239258314888,
    0.30352346554263915,
    0.3035114421322767,
    0.3035823854458465,
    0.30336484299811506,
    0.30201899551214556,
    0.29425371685374446,
    0.25122490042766304,
    0.14948645923462311,
    0.10127970586387966,
    0.1,
    0.1,
    0.1,
    0.1,
    0.1,
    0.1,
    0.1,
    0.1,
    0.1,
    0.1,
    0.1,
    0.1,
    0.1,
    0.1,
    0.1,
    0.1,
    0.1,
    0.1,
    0.1
  ],
  "time": 0.2,