{
  "cell_centers": [
    -0.01171875,
    -0.00390625,
    0.00390625,
    0.01171875,
    0.01953125,
    0.02734375,
    0.03515625,
    0.04296875,
    0.05078125,
    0.05859375,
    0.06640625,
    0.07421875,
    0.08203125,
    0.08984375,
    0.09765625,
    0.10546875,
    0.11328125,
    0.12109375,
    0.12890625,
    0.13671875,
    0.14453125,
    0.15234375,
    0.16015625,
    0.16796875,
    0.17578125,
    0.18359375,
    0.19140625,
    0.19921875,
    0.20703125,
    0.21484375,
    0.22265625,
    0.23046875,
    0.23828125,
    0.24609375,
    0.25390625,
    0.26171875,
    0.26953125,
    0.27734375,
    0.28515625,
    0.29296875,
    0.30078125,
    0.30859375,
    0.31640625,
    0.32421875,
    0.33203125,
    0.33984375,
    0.34765625,
    0.35546875,
    0.36328125,
    0.37109375,
    0.37890625,
    0.38671875,
    0.39453125,
    0.40234375,
    0.41015625,
    0.41796875,
    0.42578125,
    0.43359375,
    0.44140625,
    0.44921875,
    0.45703125,
    0.46484375,
    0.47265625,
    0.48046875,
    0.48828125,
    0.49609375,
    0.50390625,
    0.51171875,
    0.51953125,
    0.52734375,
    0.53515625,
    0.54296875,
    0.55078125,
    0.55859375,
    0.56640625,
    0.57421875,
    0.58203125,
    0.58984375,
    0.59765625,
    0.60546875,
    0.61328125,
    0.62109375,
    0.62890625,
    0.63671875,
    0.64453125,
    0.65234375,
    0.66015625,
    0.66796875,
    0.67578125,
    0.68359375,
    0.69140625,
    0.69921875,
    0.70703125,
    0.71484375,
    0.72265625,
    0.73046875,
    0.73828125,
    0.74609375,
    0.75390625,
    0.76171875,
    0.76953125,
    0.77734375,
    0.78515625,
    0.79296875,
    0.80078125,
    0.80859375,
    0.81640625,
    0.82421875,
    0.83203125,
    0.83984375,
    0.84765625,
    0.85546875,
    0.86328125,
    0.87109375,
    0.87890625,
    0.88671875,
    0.89453125,
    0.90234375,
    0.91015625,
    0.91796875,
    0.92578125,
    0.93359375,
    0.94140625,
    0.94921875,
    0.95703125,
    0.96484375,
    0.97265625,
    0.98046875,
    0.98828125,
    0.99609375,
    1.00390625,
    1.01171875
  ],
  "density": [
    1.0,
    1.0,
    1.0,
    1.0,
    1.0,
    1.0,
    1.0,
    1.0,
    1.0,
    1.0,
    1.0,
    1.0,
    1.0,
    1.0,
    1.0,
    1.0,
    1.0,
    1.0,
    1.0,
    1.0,
    1.0,
    1.0,
    1.0,
    1.0,
    1.0,
    1.0,
    1.0,
    1.0,
    1.0,
    1.0,
    1.0,
    1.0,
    1.0,
    1.0,
    1.0,
    0.9932961073138077,
    0.9687212211440923,
    0.9433021111836746,
    0.9183035533549038,
    0.8938408674200298,
    0.8699077878638474,
    0.8464902007726878,
    0.8235793046857016,
    0.8011724892167924,
    0.7792565249556762,
    0.7578200058463529,
    0.7368532454214346,
    0.7163502538738693,
    0.6963060359369672,
    0.6767155324710032,
    0.6575726789150369,
    0.6388702861003942,
    0.6206010073280928,
    0.6027575010884709,
    0.5853324515072575,
    0.5683186842628027,
    0.5517091242119245,
    0.5354907815953751,
    0.5196474597367149,
    0.5041634847287225,
    0.48901813919511733,
    0.4742035159717767,
    0.45989441660628794,
    0.44578867491772667,
    0.42991427565883805,
    0.4166301321748743,
    0.4166900778362109,
    0.4176285688310566,
    0.4214120221009149,
    0.42658825625863084,
    0.4279875932307542,
    0.4277072067212042,
    0.4269982004517744,
    0.4257046137552897,
    0.4244011357579454,
    0.423161718282508,
    0.42239209754273666,
    0.4221961750166351,
    0.42216621978075447,
    0.4224709789364587,
    0.42422797887306574,
    0.4276486195799921,
    0.4309115701929973,
    0.4336029040984293,
    0.43416363507804345,
    0.4339560360263822,
    0.4326563992874709,
    0.42391492663791364,
    0.3971693954261022,
    0.35934360259172493,
    0.32100762266921545,
    0.2828969526220521,
    0.25420123321058563,
    0.24945233319916893,
    0.24977805276818044,
    0.25145461245699824,
    0.2551497422172041,
    0.25892859494847587,
    0.2624298596567799,
    0.2653030719861259,
    0.2673414400598658,
    0.2677263064555685,
    0.26763626018985415,
    0.26758380827452105,
    0.26763159192930785,
    0.2679100533869814,
    0.2683200849347194,
    0.2682559390988396,
    0.2666678716632387,
    0.2589072131007041,
    0.22993970098935002,
    0.1545406999231947,
    0.12500916650381505,
    0.125,
    0.125,
    0.125,
    0.125,
    0.125,
    0.125,
    0.125,
    0.125,
    0.125,
    0.125,
    0.125,
    0.125,
    0.125,
    0.125,
    0.125,
    0.125,
    0.125,
    0.125,
    0.125
  ],
  "pressure": [
    1.0,
    1.0,
    1.0,
    1.0,
    1.0,
    1.0,
    1.0,
    1.0,
    1.0,
    1.0,
    1.0,
    1.0,
    1.0,
    1.0,
    1.0,
    1.0,
    1.0,
    1.0,
    1.0,
    1.0,
    1.0,
    1.0,
    1.0,
    1.0,
    1.0,
    1.0,
    1.0,
    1.0,
    1.0,
    1.0,
    1.0,
    1.0,
    1.0,
    1.0,
    1.0,
    0.9906066628124808,
    0.9565239601654918,
    0.921649508585492,
    0.8876417188119298,
    0.8547217414672014,
    0.8228582931707527,
    0.7920193297666611,
    0.762177028356882,
    0.7333088795989335,
    0.7053824936671923,
    0.6783698647242211,
    0.6522441595214755,
    0.6269821419215306,
    0.6025622515567844,
    0.5789642166138275,
    0.5561676250346402,
    0.5341509476125939,
    0.5128922002685068,
    0.49236927955702736,
    0.4725604572494944,
    0.4534448789813691,
    0.43500256279673516,
    0.41720763429398683,
    0.400031259739617,
    0.3834452003477261,
    0.36741258568266133,
    0.3518826303504746,
    0.33679965233301207,
    0.3221355650493255,
    0.3079385482200499,
    0.29651889561338096,
    0.29437948096672284,
    0.29490288249693486,
    0.2972536508612661,
    0.30084231317211846,
    0.3024889896768929,
    0.3030075780347175,
    0.3029509459479427,
    0.30284117291103424,
    0.302755599600978,
    0.3025837577739803,
    0.30237154445794795,
    0.30205275164103074,
    0.3017539740718772,
    0.30172616798295276,
    0.30208276512630977,
    0.3028808575475684,
    0.3034636319078039,
    0.3038258736049392,
    0.3036830820127464,
    0.3033681706963386,
    0.30339808080239594,
    0.30360649184245175,
    0.30414908746935354,
    0.3047442234053532,
    0.3047647081442951,
    0.30454745519067955,
    0.3040190642968773,
    0.3033970371456057,
    0.30302385045121527,
    0.30297746352067656,
    0.3031294878211961,
    0.3032940350701733,
    0.30339946947497065,
    0.3030468546054672,
    0.30255551329574526,
    0.30202453063009704,
    0.3016308300211415,
    0.3016557647553939,
    0.301968579356412,
    0.3029436487979015,
    0.30441871676924215,
    0.3054257761604468,
    0.30443462581845715,
    0.2954441927661934,
    0.2524594934515096,
    0.14018096474152697,
    0.10001028630226243,
    0.1,
    0.1,
    0.1,
    0.1,
    0.1,
    0.1,
    0.1,
    0.1,
    0.1,
    0.1,
    0.1,
    0.1,
    0.1,
    0.1,
    0.1,
    0.1,
    0.1,
    0.1,
    0.1
  ],
  "time": 0.2,