{
  "cell_centers": [
    -0.01171875,
    -0.00390625,
    0.00390625,
    0.01171875,
    0.01953125,
    0.02734375,
    0.03515625,
    0.04296875,
    0.05078125,
    0.05859375,
    0.06640625,
    0.07421875,
    0.08203125,
    0.08984375,
    0.09765625,
    0.10546875,
    0.11328125,
    0.12109375,
    0.12890625,
    0.13671875,
    0.14453125,
    0.15234375,
    0.16015625,
    0.16796875,
    0.17578125,
    0.18359375,
    0.19140625,
    0.19921875,
    0.20703125,
    0.21484375,
    0.22265625,
    0.23046875,
    0.23828125,
    0.24609375,
    0.25390625,
    0.26171875,
    0.26953125,
    0.27734375,
    0.28515625,
    0.29296875,
    0.30078125,
    0.30859375,
    0.31640625,
    0.32421875,
    0.33203125,
    0.33984375,
    0.34765625,
    0.35546875,
    0.36328125,
    0.37109375,
    0.37890625,
    0.38671875,
    0.39453125,
    0.40234375,
    0.41015625,
    0.41796875,
    0.42578125,
    0.43359375,
    0.44140625,
    0.44921875,
    0.45703125,
    0.46484375,
    0.47265625,
    0.48046875,
    0.48828125,
    0.49609375,
    0.50390625,
    0.51171875,
    0.51953125,
    0.52734375,
    0.53515625,
    0.54296875,
    0.55078125,
    0.55859375,
    0.56640625,
    0.57421875,
    0.58203125,
    0.58984375,
    0.59765625,
    0.60546875,
    0.61328125,
    0.62109375,
    0.62890625,
    0.63671875,
    0.64453125,
    0.65234375,
    0.66015625,
    0.66796875,
    0.67578125,
    0.68359375,
    0.69140625,
    0.69921875,
    0.70703125,
    0.71484375,
    0.72265625,
    0.73046875,
    0.73828125,
    0.74609375,
    0.75390625,
    0.76171875,
    0.76953125,
    0.77734375,
    0.78515625,
    0.79296875,
    0.80078125,
    0.80859375,
    0.81640625,
    0.82421875,
    0.83203125,
    0.83984375,
    0.84765625,
    0.85546875,
    0.86328125,
    0.87109375,
    0.87890625,
    0.88671875,
    0.89453125,
    0.90234375,
    0.91015625,
    0.91796875,
    0.92578125,
    0.93359375,
    0.94140625,
    0.94921875,
    0.95703125,
    0.96484375,
    0.97265625,
    0.98046875,
    0.98828125,
    0.99609375,
    1.00390625,
    1.01171875
  ],
  "density": [
    1.0,
    1.0,
    1.0,
    0.9999999999999993,
    0.9999999999999969,
    0.9999999999999876,
    0.9999999999999509,
    0.9999999999998125,
    0.9999999999992997,
    0.9999999999974423,
    0.9999999999908586,
    0.9999999999680578,
    0.999999999890933,
    0.9999999996362892,
    0.9999999988161831,
    0.999999996241695,
    0.999999988370255,
    0.9999999649501409,
    0.9999998972030537,
    0.999999706869612,
    0.9999991881022077,
    0.9999978181053708,
    0.9999943174640527,
    0.9999856763151509,
    0.9999651073380652,
    0.9999179900503103,
    0.9998143688415422,
    0.9995961789830206,
    0.9991576700108014,
    0.9983194837963082,
    0.9968016384274585,
    0.9942082056159134,
    0.990043268127716,
    0.9837756980887329,
    0.9749510598890858,
    0.9633158924853614,
    0.9488963101123686,
    0.9319873136945314,
    0.9130588859770703,
    0.8926291939074215,
    0.8711600157807117,
    0.8490234635555447,
    0.8265952275458297,
    0.8042795181719207,
    0.7822772400425013,
    0.7606949517276927,
    0.7395943542707024,
    0.7189989104276395,
    0.6988882323821194,
    0.679282864549801,
    0.6601611499684577,
    0.6415022700868653,
    0.6233182974918423,
    0.6056320959384379,
    0.5884571864479926,
    0.5717243212559462,
    0.5554252058580409,
    0.5398349839996579,
    0.5250195295482862,
    0.5105226897209464,
    0.49661906447674176,
    0.4843471136531756,
    0.4732866799894155,
    0.462271765110415,
    0.45270715591675803,
    0.44593912154868753,
    0.4403725972876843,
    0.4349386735474102,
    0.43099365490802877,
    0.42917167477102125,
    0.4282472883625422,
    0.427148987461865,
    0.42575595356963913,
    0.4247594696432119,
    0.4243564930758706,
    0.42437875419137994,
    0.42444968897255386,
    0.4244712812210455,
    0.4244530169715096,
    0.4243083821717656,
    0.4240123966507084,
    0.42343667286331454,
    0.42220940342785696,
    0.4197563407149906,
    0.41535639381757183,
    0.40822322991457566,
    0.3976021759606073,
    0.3828339867422502,
    0.36333747085838825,
    0.3392370583393972,
    0.3142864684929715,
    0.29527156799081666,
    0.282006071227724,
    0.2733646498560608,
    0.2681742449664996,
    0.26538278525850245,
    0.2641118518602792,
    0.26369194112070854,
    0.26366394568831153,
    0.2638213064413447,
    0.26423642358039806,
    0.2648090016495822,
    0.2652383292667659,
    0.2654498128065612,
    0.2655245418663329,
    0.2655013153013454,
    0.26523382338892454,
    0.26418503063908494,
    0.2609708808749138,
    0.25191216288682977,
    0.22819832496765485,
    0.18112366270803643,
    0.13828741508967135,
    0.12732760037284252,
    0.12537002706588168,
    0.1250571806773889,
    0.12500877481026257,
    0.1250013440517298,
    0.12500020574358006,
    0.1250000314850408,
    0.12500000481692347,
    0.12500000073671824,
    0.12500000011262924,
    0.1250000000172087,
    0.12500000000262723,
    0.12500000000040068,
    0.12500000000006106,
    0.12500000000000933,
    0.12500000000000136,
    0.12500000000000017,
    0.12500000000000017,
    0.12500000000000017
  ],