{
  "cell_centers": [
    -0.01171875,
    -0.00390625,
    0.00390625,
    0.01171875,
    0.01953125,
    0.02734375,
    0.03515625,
    0.04296875,
    0.05078125,
    0.05859375,
    0.06640625,
    0.07421875,
    0.08203125,
    0.08984375,
    0.09765625,
    0.10546875,
    0.11328125,
    0.12109375,
    0.12890625,
    0.13671875,
    0.14453125,
    0.15234375,
    0.16015625,
    0.16796875,
    0.17578125,
    0.18359375,
    0.19140625,
    0.19921875,
    0.20703125,
    0.21484375,
    0.22265625,
    0.23046875,
    0.23828125,
    0.24609375,
    0.25390625,
    0.26171875,
    0.26953125,
    0.27734375,
    0.28515625,
    0.29296875,
    0.30078125,
    0.30859375,
    0.31640625,
    0.32421875,
    0.33203125,
    0.33984375,
    0.34765625,
    0.35546875,
    0.36328125,
    0.37109375,
    0.37890625,
    0.38671875,
    0.39453125,
    0.40234375,
    0.41015625,
    0.41796875,
    0.42578125,
    0.43359375,
    0.44140625,
    0.44921875,
    0.45703125,
    0.46484375,
    0.47265625,
    0.48046875,
    0.48828125,
    0.49609375,
    0.50390625,
    0.51171875,
    0.51953125,
    0.52734375,
    0.53515625,
    0.54296875,
    0.55078125,
    0.55859375,
    0.56640625,
    0.57421875,
    0.58203125,
    0.58984375,
    0.59765625,
    0.60546875,
    0.61328125,
    0.62109375,
    0.62890625,
    0.63671875,
    0.64453125,
    0.65234375,
    0.66015625,
    0.66796875,
    0.67578125,
    0.68359375,
    0.69140625,
    0.69921875,
    0.70703125,
    0.71484375,
    0.72265625,
    0.73046875,
    0.73828125,
    0.74609375,
    0.75390625,
    0.76171875,
    0.76953125,
    0.77734375,
    0.78515625,
    0.79296875,
    0.80078125,
    0.80859375,
    0.81640625,
    0.82421875,
    0.83203125,
    0.83984375,
    0.84765625,
    0.85546875,
    0.86328125,
    0.87109375,
    0.87890625,
    0.88671875,
    0.89453125,
    0.90234375,
    0.91015625,
    0.91796875,
    0.92578125,
    0.93359375,
    0.94140625,
    0.94921875,
    0.95703125,
    0.96484375,
    0.97265625,
    0.98046875,
    0.98828125,
    0.99609375,
    1.00390625,
    1.01171875
  ],
  "density": [
    1.0,
    1.0,
    1.0,
    1.0,
    1.0,
    1.0,
    1.0,
    1.0,
    1.0,
    1.0,
    1.0,
    1.0,
    1.0,
    1.0,
    1.0,
    1.0,
    1.0,
    1.0,
    1.0,
    1.0,
    1.0,
    1.0,
    1.0,
    1.0,
    1.0,
    1.0,
    1.0,
    1.0,
    1.0,
    1.0,
    1.0,
    1.0,
    1.0,
    1.0,
    0.9954909946070505,
    0.9794775653028533,
    0.9586806251765501,
    0.9362298719619697,
    0.9132816820542664,
    0.8902885556876983,
    0.8674480796922819,
    0.8448645384261955,
    0.8225993702879424,
    0.8006908166597985,
    0.7791640596471203,
    0.7580361855417854,
    0.737318689351367,
    0.7170191513458894,
    0.6971424917181377,
    0.6776918572058868,
    0.6586692439676634,
    0.6400759878239846,
    0.6219132042039681,
    0.6041822044766598,
    0.5868849047903428,
    0.570024285092787,
    0.5536050511374285,
    0.5376348325771997,
    0.5221265897840992,
    0.5071035067975016,
    0.4926087161779378,
    0.47872278124601525,
    0.46559042231460246,
    0.4534473727744044,
    0.4426648497066755,
    0.4338095053670766,
    0.42787853309038204,
    0.4247389404001792,
    0.4236628539944478,
    0.4239472566831504,
    0.42457427238478196,
    0.4250930127156325,
    0.42511396072272456,
    0.42500450771656884,
    0.4248244544260603,
    0.4247231894315252,
    0.42472687692877176,
    0.42477664400398585,
    0.42494907987333896,
    0.4253110341027998,
    0.425894625631332,
    0.42664841395894637,
    0.42730124598774866,
    0.4275028046145353,
    0.4271652782701192,
    0.42467688167889533,
    0.4161843479931484,
    0.4001421673597325,
    0.37710374339330166,
    0.34895951893231236,
    0.31894671914130707,
    0.29108964319781205,
    0.26978587401468757,
    0.25897525818492806,
    0.25788602688033535,
    0.2581016916218436,
    0.2590174764976913,
    0.2606511367937546,
    0.26256315364529514,
    0.264387098620632,
    0.2658157956388779,
    0.26673498858848854,
    0.26716172650110437,
    0.26714986487819914,
    0.26705547177117395,
    0.26691208561183344,
    0.2666959181126405,
    0.26626108329310916,
    0.26499182006175553,
    0.25912258589270876,
    0.23128586012276808,
    0.16271479339814865,
    0.12630229033134502,
    0.125,
    0.125,
    0.125,
    0.125,
    0.125,
    0.125,
    0.125,
    0.125,
    0.125,
    0.125,
    0.125,
    0.125,
    0.125,
    0.125,
    0.125,
    0.125,
    0.125,
    0.125,
    0.125
  ],
  "pressure": [
    1.0,
    1.0,
    1.0,
    1.0,
    1.0,
    1.0,
    1.0,
    1.0,
    1.0,
    1.0,
    1.0,
    1.0,
    1.0,
    1.0,
    1.0,
    1.0,
    1.0,
    1.0,
    1.0,
    1.0,
    1.0,
    1.0,
    1.0,
    1.0,
    1.0,
    1.0,
    1.0,
    1.0,
    1.0,
    1.0,
    1.0,
    1.0,
    1.0,
    1.0,
    0.9936871511191462,
    0.9713871489570676,
    0.9426491169834224,
    0.9118974216212706,
    0.8807638448690085,
    0.8498791509441459,
    0.8195126236970325,
    0.7898001637038751,
    0.7608160942416748,
    0.732601257976934,
    0.7051774359719625,
    0.6785546805529296,
    0.6527352560982141,
    0.6277162129657641,
    0.6034911365196861,
    0.5800512689529776,
    0.557386254747796,
    0.5354847308073897,
    0.5143348755245786,
    0.4939249416742097,
    0.4742437732511493,
    0.45528134741413406,
    0.43702948890810134,
    0.41948310233761427,
    0.40264261805023993,
    0.3865188900490476,
    0.3711425928169642,
    0.35658062067166724,
    0.3429627039982486,
    0.33051424089704784,
    0.31959965318192096,
    0.31069316511200973,
    0.30448241498565687,
    0.30104968941397403,
    0.30056192321197445,
    0.3008668326843074,
    0.3014989531885111,
    0.30209565557367624,
    0.3024608734730495,
    0.30250976452114753,
    0.3025175467887465,
    0.30254268471842205,
    0.3025886806862418,
    0.3026369826594961,
    0.3026704162182221,
    0.3026906243434768,
    0.3027230281608426,
    0.3028096194054015,
    0.3029640821237425,
    0.30314939217257475,
    0.3032620094228159,
    0.30331916147819166,
    0.30326253139890585,
    0.3031573811286798,
    0.3031096066449894,
    0.30313207172666357,
    0.3032481709180162,
    0.30339636071296944,
    0.3034845826514865,
    0.3034748118980865,
    0.30338190737103504,
    0.30322014436044115,
    0.30307443867468525,
    0.30300103058554567,
    0.30299578594543863,
    0.30308119687609564,
    0.30325213737378354,
    0.30340156436766036,
    0.3034806390187219,
    0.3034468984289129,
    0.3033192520973627,
    0.30316908843650703,
    0.3030323595880792,
    0.3028346593493911,
    0.3018905844551934,
    0.2941568821371335,
    0.2519775199575993,
    0.1505634853055663,
    0.10136203992901707,
    0.1,
    0.1,
    0.1,
    0.1,
    0.1,
    0.1,
    0.1,
    0.1,
    0.1,
    0.1,
    0.1,
    0.1,
    0.1,
    0.1,
    0.1,
    0.1,
    0.1,
    0.1,
    0.1
  ],
  "time": 0.2,