{
  "cell_centers": [
    -0.01171875,
    -0.00390625,
    0.00390625,
    0.01171875,
    0.01953125,
    0.02734375,
    0.03515625,
    0.04296875,
    0.05078125,
    0.05859375,
    0.06640625,
    0.07421875,
    0.08203125,
    0.08984375,
    0.09765625,
    0.10546875,
    0.11328125,
    0.12109375,
    0.12890625,
    0.13671875,
    0.14453125,
    0.15234375,
    0.16015625,
    0.16796875,
    0.17578125,
    0.18359375,
    0.19140625,
    0.19921875,
    0.20703125,
    0.21484375,
    0.22265625,
    0.23046875,
    0.23828125,
    0.24609375,
    0.25390625,
    0.26171875,
    0.26953125,
    0.27734375,
    0.28515625,
    0.29296875,
    0.30078125,
    0.30859375,
    0.31640625,
    0.32421875,
    0.33203125,
    0.33984375,
    0.34765625,
    0.35546875,
    0.36328125,
    0.37109375,
    0.37890625,
    0.38671875,
    0.39453125,
    0.40234375,
    0.41015625,
    0.41796875,
    0.42578125,
    0.43359375,
    0.44140625,
    0.44921875,
    0.45703125,
    0.46484375,
    0.47265625,
    0.48046875,
    0.48828125,
    0.49609375,
    0.50390625,
    0.51171875,
    0.51953125,
    0.52734375,
    0.53515625,
    0.54296875,
    0.55078125,
    0.55859375,
    0.56640625,
    0.57421875,
    0.58203125,
    0.58984375,
    0.59765625,
    0.60546875,
    0.61328125,
    0.62109375,
    0.62890625,
    0.63671875,
    0.64453125,
    0.65234375,
    0.66015625,
    0.66796875,
    0.67578125,
    0.68359375,
    0.69140625,
    0.69921875,
    0.70703125,
    0.71484375,
    0.72265625,
    0.73046875,
    0.73828125,
    0.74609375,
    0.75390625,
    0.76171875,
    0.76953125,
    0.77734375,
    0.78515625,
    0.79296875,
    0.80078125,
    0.80859375,
    0.81640625,
    0.82421875,
    0.83203125,
    0.83984375,
    0.84765625,
    0.85546875,
    0.86328125,
    0.87109375,
    0.87890625,
    0.88671875,
    0.89453125,
    0.90234375,
    0.91015625,
    0.91796875,
    0.92578125,
    0.93359375,
    0.94140625,
    0.94921875,
    0.95703125,
    0.96484375,
    0.97265625,
    0.98046875,
    0.98828125,
    0.99609375,
    1.00390625,
    1.01171875
  ],
  "density": [
    1.0,
    1.0,
    1.0,
    1.0,
    1.0,
    1.0,
    1.0,
    1.0,
    1.0,
    1.0,
    1.0,
    1.0,
    1.0,
    1.0,
    1.0,
    1.0,
    1.0,
    1.0,
    1.0,
    1.0,
    1.0,
    1.0,
    1.0,
    1.0,
    1.0,
    1.0,
    1.0,
    1.0,
    1.0,
    1.0,
    1.0,
    1.0,
    1.0,
    1.0,
    1.0,
    1.0,
    1.0,
    1.0,
    1.0,
    1.0,
    1.0,
    1.0,
    1.0,
    1.0,
    1.0,
    1.0,
    1.0,
    1.0,
    1.0,
    1.0,
    1.0,
    1.0,
    1.0000000000000877,
    1.000000000007047,
    1.0000000002848406,
    1.0000000077817668,
    1.0000001593708674,
    1.0000025260107006,
    1.0000092955819202,
    0.9999761712553508,
    0.9993459617961808,
    0.9939368167824136,
    0.9631471650791357,
    0.8399304347054881,
    0.5608901025334043,
    0.36151404436345813,
    0.36028662263122735,
    0.5646315123770813,
    0.8449337666964027,
    0.9611524303945965,
    0.9918540600892092,
    0.9986038143220307,
    0.9998079435555037,
    0.9999790739370922,
    0.9999982139340167,
    0.999999882513763,
    0.9999999942045987,
    0.9999999997964528,
    0.9999999999954142,
    0.99999999999995,
    1.0,
    1.0,
    1.0,
    1.0,
    1.0,
    1.0,
    1.0,
    1.0,
    1.0,
    1.0,
    1.0,
    1.0,
    1.0,
    1.0,
    1.0,
    1.0,
    1.0,
    1.0,
    1.0,
    1.0,
    1.0,
    1.0,
    1.0,
    1.0,
    1.0,
    1.0,
    1.0,
    1.0,
    1.0,
    1.0,
    1.0,
    1.0,
    1.0,
    1.0,
    1.0,
    1.0,
    1.0,
    1.0,
    1.0,
    1.0,
    1.0,
    1.0,
    1.0,
    1.0,
    1.0,
    1.0,
    1.0,
    1.0,
    1.0,
    1.0,
    1.0,
    1.0
  ],
  "pressure": [
    0.9999999999999998,
    0.9999999999999998,
    0.9999999999999998,
    0.9999999999999998,
    0.9999999999999998,
    0.9999999999999998,
    0.9999999999999998,
    0.9999999999999998,
    0.9999999999999998,
    0.9999999999999998,
    0.9999999999999998,
    0.9999999999999998,
    0.9999999999999998,
    0.9999999999999998,
    0.9999999999999998,
    0.9999999999999998,
    0.9999999999999998,
    0.9999999999999998,
    0.9999999999999998,
    0.9999999999999998,
    0.9999999999999998,
    0.9999999999999998,
    0.9999999999999998,
    0.9999999999999998,
    0.9999999999999998,
    0.9999999999999998,
    0.9999999999999998,
    0.9999999999999998,
    0.9999999999999998,
    0.9999999999999998,
    0.9999999999999998,
    0.9999999999999998,
    0.9999999999999998,
    0.9999999999999998,
    0.9999999999999998,
    0.9999999999999998,
    0.9999999999999998,
    0.9999999999999998,
    0.9999999999999998,
    0.9999999999999998,
    0.9999999999999998,
    0.9999999999999998,
    0.9999999999999998,
    0.9999999999999998,
    0.9999999999999998,
    0.9999999999999998,
    0.9999999999999998,
    0.9999999999999998,
    0.9999999999999998,
    0.9999999999999998,
    0.9999999999999998,
    0.9999999999999998,
    1.000000000000122,
    1.0000000000096911,
    1.0000000003881004,
    1.0000000103489273,
    1.0000002110551374,
    1.000003604160892,
    1.0000174791633387,
    1.0000063695961903,
    0.9994168091216078,
    0.9938760329756868,
    0.9622696460928691,
    0.8410027211053605,
    0.5784428119633793,
    0.3775202217457186,
    0.37990590376642613,
    0.5822381868240897,
    0.8301403213918798,
    0.9507286066608998,
    0.988781085054705,
    0.9980124578142145,
    0.999724441808509,
    0.9999700447439073,
    0.9999974562096369,
    0.9999998334943961,
    0.9999999918186283,
    0.9999999997134711,
    0.9999999999935573,
    0.9999999999999294,
    0.9999999999999998,
    0.9999999999999998,
    0.9999999999999998,
    0.9999999999999998,
    0.9999999999999998,
    0.9999999999999998,
    0.9999999999999998,
    0.9999999999999998,
    0.9999999999999998,
    0.9999999999999998,
    0.9999999999999998,
    0.9999999999999998,
    0.9999999999999998,
    0.9999999999999998,
    0.9999999999999998,
    0.9999999999999998,
    0.9999999999999998,
    0.9999999999999998,
    0.9999999999999998,
    0.9999999999999998,
    0.9999999999999998,
    0.9999999999999998,
    0.9999999999999998,
    0.9999999999999998,
    0.9999999999999998,
    0.9999999999999998,
    0.9999999999999998,
    0.9999999999999998,
    0.9999999999999998,
    0.9999999999999998,
    0.9999999999999998,
    0.9999999999999998,
    0.9999999999999998,
    0.9999999999999998,
    0.9999999999999998,
    0.9999999999999998,
    0.9999999999999998,
    0.9999999999999998,
    0.9999999999999998,
    0.9999999999999998,
    0.9999999999999998,
    0.9999999999999998,
    0.9999999999999998,
    0.9999999999999998,
    0.9999999999999998,
    0.9999999999999998,
    0.9999999999999998,
    0.9999999999999998,
    0.9999999999999998,
    0.9999999999999998,
    0.9999999999999998,
    0.9999999999999998
  ],
  "time": 0.005,